"job_title,company,location,salary_min,salary_max,contract_type,category,job_url,created,scraped_at"
"Data Engineer / Data Modeler,Salt,India,0,0,contract,IT Jobs,https://www.adzuna.in/land/ad/5536063256?se=QqCs8iLm8BGjJabxWt0eDQ&utm_medium=api&utm_source=a80a23e8&v=DF63C836056B2FF1C65B5D9A60AE478F6704A8BF,2025-12-10T16:48:55Z,2025-12-31 14:00:23.324691"
"Data Engineers/ Data Modelers,Tata Consultancy Services,India,0,0,,IT Jobs,https://www.adzuna.in/land/ad/5555201693?se=QqCs8iLm8BGjJabxWt0eDQ&utm_medium=api&utm_source=a80a23e8&v=3A5F30EB3E7CECD9496ACD2B3DA21264A6D51D06,2025-12-25T13:39:22Z,2025-12-31 14:00:23.324691"
"Data Engineer/Data Scientist,Luxoft,""Pune, Maharashtra"",0,0,,IT Jobs,https://www.adzuna.in/land/ad/5546599193?se=QqCs8iLm8BGjJabxWt0eDQ&utm_medium=api&utm_source=a80a23e8&v=290DB95E55088E03F650FD1F7F4EF4FD64DA68D5,2025-12-18T08:44:53Z,2025-12-31 14:00:23.324691"
"Data Analyst / Data Engineer,Teamware Solutions,""Chennai, Tamil Nadu"",0,0,,IT Jobs,https://www.adzuna.in/land/ad/5560710395?se=QqCs8iLm8BGjJabxWt0eDQ&utm_medium=api&utm_source=a80a23e8&v=1E3F7B95AB08BD3DA237BC314493EC50BAEA21EE,2025-12-31T10:33:38Z,2025-12-31 14:00:23.324691"
"Azure Data engineer with data bricks,Tata Consultancy Services,India,0,0,,IT Jobs,https://www.adzuna.in/land/ad/5528013232?se=QqCs8iLm8BGjJabxWt0eDQ&utm_medium=api&utm_source=a80a23e8&v=7E8182EE657FC513FDBDDBDAA0C105ADE811145A,2025-12-05T01:29:23Z,2025-12-31 14:00:23.324691"
"Sr. Data Modeler & Data Analyst,Cliff IT Solutions Inc.,""Hyderabad, Telangana"",0,0,,IT Jobs,https://www.adzuna.in/land/ad/5301591302?se=QqCs8iLm8BGjJabxWt0eDQ&utm_medium=api&utm_source=a80a23e8&v=2963B89877960738AB410F80538C5DACCE2B9C0C,2025-07-14T09:36:10Z,2025-12-31 14:00:23.324691"
"Senior Data Engineer- Big Data,HG Insights,""Pune, Maharashtra"",0,0,,IT Jobs,https://www.adzuna.in/land/ad/5549502698?se=QqCs8iLm8BGjJabxWt0eDQ&utm_medium=api&utm_source=a80a23e8&v=E6A60B7615F7BADB5187EC73BA2F06426CAB18F7,2025-12-20T09:06:31Z,2025-12-31 14:00:23.324691"
"Data Scientist/ Sr Data Scientist,Aria Intelligent Solutions,""Delhi, India"",0,0,,Scientific & QA Jobs,https://www.adzuna.in/land/ad/5528013060?se=QqCs8iLm8BGjJabxWt0eDQ&utm_medium=api&utm_source=a80a23e8&v=3B3187CEFCC3854DC616C3C0AF07C8044E5563E0,2025-12-05T01:29:04Z,2025-12-31 14:00:23.324691"
"Data Analyst,""NTT DATA, Inc."",India,0,0,,IT Jobs,https://www.adzuna.in/land/ad/5539009588?se=QqCs8iLm8BGjJabxWt0eDQ&utm_medium=api&utm_source=a80a23e8&v=B950FAAA47A997D9FC554A52AB223BBA279E60B7,2025-12-12T09:49:02Z,2025-12-31 14:00:23.324691"
"Data Architect,Ally-eXecutive HR,India,0,0,,IT Jobs,https://www.adzuna.in/land/ad/5544190980?se=QqCs8iLm8BGjJabxWt0eDQ&utm_medium=api&utm_source=a80a23e8&v=AAB30454CAC79AA25CD5C5589F0D5020D081D3C0,2025-12-16T18:13:09Z,2025-12-31 14:00:23.324691"
"Data Modeller,Tata Consultancy Services,""Bangalore, Karnataka"",0,0,,IT Jobs,https://www.adzuna.in/land/ad/5546589734?se=QqCs8iLm8BGjJabxWt0eDQ&utm_medium=api&utm_source=a80a23e8&v=F9AE5206519F9C850565DE6812F8F319D754602D,2025-12-18T08:43:28Z,2025-12-31 14:00:23.324691"
"Data Engineer,Juniper Green Energy,India,0,0,,IT Jobs,https://www.adzuna.in/land/ad/5559722890?se=QqCs8iLm8BGjJabxWt0eDQ&utm_medium=api&utm_source=a80a23e8&v=BD03B1B320F743F83F2AE18F5885228EF3D80EF2,2025-12-30T10:29:36Z,2025-12-31 14:00:23.324691"
"Data Engineer,DevsTree IT Services Pvt. Ltd.,""Ahmedabad, Gujarat"",0,0,,IT Jobs,https://www.adzuna.in/land/ad/5560708653?se=QqCs8iLm8BGjJabxWt0eDQ&utm_medium=api&utm_source=a80a23e8&v=FB76DD5718C8AEF7D31949C095518A8FE2E84040,2025-12-31T10:31:33Z,2025-12-31 14:00:23.324691"
"Data Modeler,EXL,""Pune, Maharashtra"",0,0,,IT Jobs,https://www.adzuna.in/land/ad/5539015160?se=QqCs8iLm8BGjJabxWt0eDQ&utm_medium=api&utm_source=a80a23e8&v=5FF99FB100899982CF69547007B407C90AB33C20,2025-12-12T09:51:28Z,2025-12-31 14:00:23.324691"
"Data Engineer,Infosys,India,0,0,,IT Jobs,https://www.adzuna.in/land/ad/5553863213?se=QqCs8iLm8BGjJabxWt0eDQ&utm_medium=api&utm_source=a80a23e8&v=032560131D97DD59B9AFB4614C156E3526435BC6,2025-12-24T10:12:18Z,2025-12-31 14:00:23.324691"
"Data Engineer,People Tech Group Inc,""Bangalore, Karnataka"",0,0,,IT Jobs,https://www.adzuna.in/land/ad/5548137422?se=QqCs8iLm8BGjJabxWt0eDQ&utm_medium=api&utm_source=a80a23e8&v=DBA72F5A1F279F84989E4487AF833BA0B69E131E,2025-12-19T08:58:57Z,2025-12-31 14:00:23.324691"
"Data Architect,ValueMomentum,""Hyderabad, Telangana"",0,0,,IT Jobs,https://www.adzuna.in/land/ad/5534284879?se=QqCs8iLm8BGjJabxWt0eDQ&utm_medium=api&utm_source=a80a23e8&v=6A240FFEAD463AFA0119DDE173A69434ECE2269A,2025-12-09T09:04:06Z,2025-12-31 14:00:23.324691"
"Data Modeler,Claidroid,""Pune, Maharashtra"",0,0,,IT Jobs,https://www.adzuna.in/land/ad/5539010166?se=QqCs8iLm8BGjJabxWt0eDQ&utm_medium=api&utm_source=a80a23e8&v=0EABC4EACC3DBC0A23019651C9B35F76B8FEBF76,2025-12-12T09:49:32Z,2025-12-31 14:00:23.324691"
"Data Governance,Thryve Digital Health LLP,""Hyderabad, Telangana"",0,0,,IT Jobs,https://www.adzuna.in/land/ad/5557294996?se=QqCs8iLm8BGjJabxWt0eDQ&utm_medium=api&utm_source=a80a23e8&v=F3C296738BA48C5C0CC58DF7ADFEA100732BB066,2025-12-27T22:02:42Z,2025-12-31 14:00:23.324691"
"Data Governance,Thryve Digital Health LLP,""Chennai, Tamil Nadu"",0,0,,IT Jobs,https://www.adzuna.in/land/ad/5557297395?se=QqCs8iLm8BGjJabxWt0eDQ&utm_medium=api&utm_source=a80a23e8&v=D64B1BC92BF74588FBAADAC1F4F75B87A9E7612D,2025-12-27T22:06:28Z,2025-12-31 14:00:23.324691"
"Data Architect,DAZN,""Hyderabad, Telangana"",0,0,,IT Jobs,https://www.adzuna.in/land/ad/5549500631?se=QqCs8iLm8BGjJabxWt0eDQ&utm_medium=api&utm_source=a80a23e8&v=A448879904C288D409F518B99515C1A305C9CF18,2025-12-20T09:04:38Z,2025-12-31 14:00:23.324691"
"Data Engineer,Tata Consultancy Services,""Bangalore, Karnataka"",0,0,,IT Jobs,https://www.adzuna.in/land/ad/5546593355?se=QqCs8iLm8BGjJabxWt0eDQ&utm_medium=api&utm_source=a80a23e8&v=B05854836630E8625B7FF5718B9038A2011F418F,2025-12-18T08:44:01Z,2025-12-31 14:00:23.324691"
"Data Architect,Best Infosystems Ltd.,""Bangalore, Karnataka"",0,0,,IT Jobs,https://www.adzuna.in/land/ad/5337032075?se=QqCs8iLm8BGjJabxWt0eDQ&utm_medium=api&utm_source=a80a23e8&v=57AA21715E0174BA885B0F2DB4F574D70D7235EA,2025-08-04T17:19:43Z,2025-12-31 14:00:23.324691"
"Data Engineer,ITC Infotech,""Bangalore, Karnataka"",0,0,,IT Jobs,https://www.adzuna.in/land/ad/5539018992?se=QqCs8iLm8BGjJabxWt0eDQ&utm_medium=api&utm_source=a80a23e8&v=EC2EE234898C969785AA5A71C79D2D9771CA54CF,2025-12-12T09:53:35Z,2025-12-31 14:00:23.324691"
"Data Engineer,Tata Consultancy Services,""Hyderabad, Telangana"",0,0,,IT Jobs,https://www.adzuna.in/land/ad/5550648238?se=QqCs8iLm8BGjJabxWt0eDQ&utm_medium=api&utm_source=a80a23e8&v=712AAC63372C327D17D41790699C81DE32C92372,2025-12-21T08:13:25Z,2025-12-31 14:00:23.324691"
"Data Modeler,""Prudent Technologies and Consulting, Inc."",""Hyderabad, Telangana"",0,0,,IT Jobs,https://www.adzuna.in/land/ad/5523456001?se=QqCs8iLm8BGjJabxWt0eDQ&utm_medium=api&utm_source=a80a23e8&v=D30B30AC92AA13CB03692757306BCDE30E6F9BEA,2025-12-02T08:57:36Z,2025-12-31 14:00:23.324691"
"Data Engineer,RapidBrains,""Kochi, Ernakulam"",0,0,,IT Jobs,https://www.adzuna.in/land/ad/5550649319?se=QqCs8iLm8BGjJabxWt0eDQ&utm_medium=api&utm_source=a80a23e8&v=1D9ED8736CC471C51B7A48AFC1708A0B66443A77,2025-12-21T08:16:17Z,2025-12-31 14:00:23.324691"
"Data Modeler,LTIMindtree,""Ghaziabad, Uttar Pradesh"",0,0,,IT Jobs,https://www.adzuna.in/land/ad/5536064898?se=QqCs8iLm8BGjJabxWt0eDQ&utm_medium=api&utm_source=a80a23e8&v=9828D27E66D0A3ED204EF54288FC62130880AB14,2025-12-10T16:51:54Z,2025-12-31 14:00:23.324691"
"Data Architect,Nemetschek Group,""Hyderabad, Telangana"",0,0,,IT Jobs,https://www.adzuna.in/land/ad/5553871113?se=QqCs8iLm8BGjJabxWt0eDQ&utm_medium=api&utm_source=a80a23e8&v=FC1911FEA2331F79D5717B01C3CB8AD147DB5F0E,2025-12-24T10:17:28Z,2025-12-31 14:00:23.324691"
"Data Steward,C5i,""Bangalore, Karnataka"",0,0,,IT Jobs,https://www.adzuna.in/land/ad/5558016789?se=QqCs8iLm8BGjJabxWt0eDQ&utm_medium=api&utm_source=a80a23e8&v=E8ADE31813F537F6CB9DC12BAC86D97F9A387E4F,2025-12-28T10:07:02Z,2025-12-31 14:00:23.324691"
"Data Engineer,IntraEdge,India,0,0,,IT Jobs,https://www.adzuna.in/land/ad/5486489974?se=QqCs8iLm8BGjJabxWt0eDQ&utm_medium=api&utm_source=a80a23e8&v=35E635063CCB87CBBA29AC8F21BDEBDDB5C530ED,2025-11-08T09:59:01Z,2025-12-31 14:00:23.324691"
"Data Engineer,Aeris,""Noida, Ghaziabad"",0,0,,IT Jobs,https://www.adzuna.in/land/ad/5559716674?se=QqCs8iLm8BGjJabxWt0eDQ&utm_medium=api&utm_source=a80a23e8&v=E26B1C89CECC729051F7B87A7C22E5483FFE0E71,2025-12-30T10:27:07Z,2025-12-31 14:00:23.324691"
"Data Engineer,Stolt-Nielsen Digital Innovation Centre,""Hyderabad, Telangana"",0,0,,IT Jobs,https://www.adzuna.in/land/ad/5538938862?se=QqCs8iLm8BGjJabxWt0eDQ&utm_medium=api&utm_source=a80a23e8&v=D776CEFB6BFA6FD2ECF5A1561CF907AA983EEEB2,2025-12-12T08:53:28Z,2025-12-31 14:00:23.324691"
"Data Architect,Emids,""Bangalore, Karnataka"",0,0,,IT Jobs,https://www.adzuna.in/land/ad/5530553098?se=QqCs8iLm8BGjJabxWt0eDQ&utm_medium=api&utm_source=a80a23e8&v=D3D07DEF3E00B5022C9AFA204796830F48BBF14F,2025-12-06T09:42:12Z,2025-12-31 14:00:23.324691"
"Data Engineer,Idyllic Services,""Bangalore, Karnataka"",0,0,,IT Jobs,https://www.adzuna.in/land/ad/5556103827?se=QqCs8iLm8BGjJabxWt0eDQ&utm_medium=api&utm_source=a80a23e8&v=3FED3C0226AC4E4633F60584278BC5CA1B92011C,2025-12-26T08:39:37Z,2025-12-31 14:00:23.324691"
"Data Analyst,VXI Global Solutions,""Tamil Nadu, India"",0,0,,IT Jobs,https://www.adzuna.in/land/ad/5549495875?se=QqCs8iLm8BGjJabxWt0eDQ&utm_medium=api&utm_source=a80a23e8&v=AF60D928812331D908A78B022C1AB2A3E2904C2F,2025-12-20T08:59:32Z,2025-12-31 14:00:23.324691"
"Data Analyst,Fuzen IT Solutions,""Hyderabad, Telangana"",0,0,permanent,IT Jobs,https://www.adzuna.in/land/ad/5528004436?se=QqCs8iLm8BGjJabxWt0eDQ&utm_medium=api&utm_source=a80a23e8&v=F4F0A04202DF2402479B4BEE575080B95B5FBCC7,2025-12-05T01:15:54Z,2025-12-31 14:00:23.324691"
"Data Engineer,Hexagon R&D India,""Hyderabad, Telangana"",0,0,,IT Jobs,https://www.adzuna.in/land/ad/5536066701?se=QqCs8iLm8BGjJabxWt0eDQ&utm_medium=api&utm_source=a80a23e8&v=4FC3D221DC98361CB1B2B8A6A18077F73A2DA3F6,2025-12-10T16:54:27Z,2025-12-31 14:00:23.324691"
"Data Governance,LTIMindtree,""Ghaziabad, Uttar Pradesh"",0,0,,IT Jobs,https://www.adzuna.in/land/ad/5548132193?se=QqCs8iLm8BGjJabxWt0eDQ&utm_medium=api&utm_source=a80a23e8&v=17309C12542DF08CCDA2BD768A7A38B8AA8B9CE3,2025-12-19T08:56:24Z,2025-12-31 14:00:23.324691"
"Data Architect,Tech Mahindra,""Hyderabad, Telangana"",0,0,,IT Jobs,https://www.adzuna.in/land/ad/5523454231?se=QqCs8iLm8BGjJabxWt0eDQ&utm_medium=api&utm_source=a80a23e8&v=38ABAEF150568EFF1D417B312FA39DB1981287E6,2025-12-02T08:54:00Z,2025-12-31 14:00:23.324691"
"Data Architect,Acuity Analytics,""Bangalore, Karnataka"",0,0,,IT Jobs,https://www.adzuna.in/land/ad/5546574413?se=QqCs8iLm8BGjJabxWt0eDQ&utm_medium=api&utm_source=a80a23e8&v=23C116D8168C862C4C34E8C97A4C24173FF930D4,2025-12-18T08:41:12Z,2025-12-31 14:00:23.324691"
"Data Engineer,Inspire Brands Hyderabad Support Center,""Hyderabad, Telangana"",0,0,,IT Jobs,https://www.adzuna.in/land/ad/5511937710?se=QqCs8iLm8BGjJabxWt0eDQ&utm_medium=api&utm_source=a80a23e8&v=F56E53AC6D14226826166F37784D754B23DB699F,2025-11-25T05:50:12Z,2025-12-31 14:00:23.324691"
"Data Engineer,DigiKey Global Capability Center,""Bangalore, Karnataka"",0,0,,IT Jobs,https://www.adzuna.in/land/ad/5549497801?se=QqCs8iLm8BGjJabxWt0eDQ&utm_medium=api&utm_source=a80a23e8&v=E2CAFC81B3B95BB767E7FFEC53D7E2BF52A26848,2025-12-20T09:01:56Z,2025-12-31 14:00:23.324691"
"Data Engineer,""Prudent Technologies and Consulting, Inc."",""Hyderabad, Telangana"",0,0,,IT Jobs,https://www.adzuna.in/land/ad/5432787389?se=QqCs8iLm8BGjJabxWt0eDQ&utm_medium=api&utm_source=a80a23e8&v=CFD6B79F527C15C6EBC54194D14861505E984D22,2025-10-05T17:31:48Z,2025-12-31 14:00:23.324691"
"Data Analyst,EaseMyTrip.com,India,0,0,,IT Jobs,https://www.adzuna.in/land/ad/5560708662?se=QqCs8iLm8BGjJabxWt0eDQ&utm_medium=api&utm_source=a80a23e8&v=F2340DE4D69E27C46A5B5FA82EF1FF80D467AC91,2025-12-31T10:31:34Z,2025-12-31 14:00:23.324691"
"Data Engineer,Meril,""Valsad, Gujarat"",0,0,,IT Jobs,https://www.adzuna.in/land/ad/5553865045?se=QqCs8iLm8BGjJabxWt0eDQ&utm_medium=api&utm_source=a80a23e8&v=2F2502FD2E10388D39114D011121FAA426B839CB,2025-12-24T10:14:09Z,2025-12-31 14:00:23.324691"
"Data Scientist,AllHeart Web,""Chandigarh, India"",0,0,,IT Jobs,https://www.adzuna.in/land/ad/5539003066?se=QqCs8iLm8BGjJabxWt0eDQ&utm_medium=api&utm_source=a80a23e8&v=92444F868F3D313E066A176736D05E8D137065DA,2025-12-12T09:46:49Z,2025-12-31 14:00:23.324691"
"Data Engineer,Straive,""Mumbai, Maharashtra"",0,0,,IT Jobs,https://www.adzuna.in/land/ad/5560710979?se=QqCs8iLm8BGjJabxWt0eDQ&utm_medium=api&utm_source=a80a23e8&v=47F8DD6ED68E5373524F0B850AB80B4D92C77918,2025-12-31T10:34:09Z,2025-12-31 14:00:23.324691"
"Data Analyst,MS CLINICAL RESEARCH,""Bangalore, Karnataka"",0,0,,IT Jobs,https://www.adzuna.in/land/ad/5537383953?se=QqCs8iLm8BGjJabxWt0eDQ&utm_medium=api&utm_source=a80a23e8&v=3914EAD9CF4CA68ED57D766AC9D2B843F3C4BE86,2025-12-11T09:26:57Z,2025-12-31 14:00:23.324691"
